id,name,code,alpha3,features,created_at,updated_at,deleted_at,active
00cb028d-c3b1-4ca7-a8b1-133b6c137ce6,Team Test Country 62cdbd0c,62,62C,{},2025-08-15 03:57:50.269464+00,2025-08-14 21:58:23.039226+00,2025-08-15 03:58:22.937768+00,true
01150649-1288-486b-9433-b5aadc8db83a,Vietnam,VN,VNM,"{""homepage"":true,""surebets"":true,""statistics"":true,""liveBetting"":true,""comparePrices"":true}",2025-06-13 03:09:34.286361+00,2025-06-17 22:30:31.925554+00,,true
0547685b-3d95-4a30-af4a-5db3b8c2567e,Worldwide,-1,--1,"{""homepage"":true,""surebets"":true,""statistics"":true,""liveBetting"":true,""comparePrices"":true}",2025-07-06 21:47:05.120463+00,2025-07-06 21:47:05.120463+00,,true
076e1bd5-7564-4087-b108-10b1ab06057e,Hong Kong,HK,HKG,"{""homepage"":true,""surebets"":true,""statistics"":true,""liveBetting"":true,""comparePrices"":true}",2025-06-13 03:09:34.286361+00,2025-06-17 22:30:31.925554+00,,true
07df55ea-5a29-49d7-a829-9899b6a15bad,Mexico,MX,MEX,"{""homepage"":true,""surebets"":false,""statistics"":true,""liveBetting"":false,""comparePrices"":true}",2025-06-13 03:09:34.286361+00,2025-06-26 03:43:22.795896+00,,true
08b043e1-a00a-4eed-986c-d6ef5a8a2768,Qatar,QA,QAT,"{""homepage"":true,""surebets"":true,""statistics"":true,""liveBetting"":true,""comparePrices"":true}",2025-06-13 03:09:34.286361+00,2025-06-17 22:30:31.925554+00,,true
091849d3-c3a0-45d5-a8e5-36fecb5f259f,Rwanda,RW,RWA,"{""homepage"":true,""surebets"":true,""statistics"":true,""liveBetting"":true,""comparePrices"":true}",2025-07-06 21:42:35.052284+00,2025-07-06 21:42:35.052284+00,,true
0a6b12a4-7ad2-4d9f-83fa-732bca34bdcf,Switzerland,CH,CHE,"{""homepage"":true,""surebets"":true,""statistics"":true,""liveBetting"":true,""comparePrices"":true}",2025-06-13 03:09:34.286361+00,2025-06-17 22:30:31.925554+00,,true
0ad9d24f-9d46-48a4-8fc0-4db87cccb21b,Portugal,PT,PRT,"{""homepage"":true,""surebets"":true,""statistics"":true,""liveBetting"":true,""comparePrices"":true}",2025-06-13 03:09:34.286361+00,2025-06-17 22:30:31.925554+00,,true
0c63ce29-4cce-4bb0-89c2-bb2a48e5cae4,Equatorial Guinea,GQ,GNQ,"{""homepage"":true,""surebets"":true,""statistics"":true,""liveBetting"":true,""comparePrices"":true}",2025-07-06 21:42:35.052284+00,2025-07-06 21:42:35.052284+00,,true
0e348417-7bda-4d40-81f0-f0b38ba05d17,Faroe Islands,FO,FRO,"{""homepage"":true,""surebets"":true,""statistics"":true,""liveBetting"":true,""comparePrices"":true}",2025-07-06 21:42:35.052284+00,2025-07-06 21:42:35.052284+00,,true
0e661209-a9b9-40bf-8a72-643d68fccc55,Updated Test Country,XX,TCS,"{""homepage"":true}",2025-07-31 11:36:58.252653+00,2025-07-31 05:37:00.042481+00,2025-07-31 11:37:00.721274+00,true
10655947-86e7-48eb-a57a-eb3fd3bc6fde,Bonaire,BQ,BES,"{""homepage"":true,""surebets"":true,""statistics"":true,""liveBetting"":true,""comparePrices"":true}",2025-07-06 21:42:35.052284+00,2025-07-06 21:42:35.052284+00,,true
1133315f-fe8c-4f7b-a1f0-11d99f811da8,Guernsey,GG,GGY,"{""homepage"":true,""surebets"":true,""statistics"":true,""liveBetting"":true,""comparePrices"":true}",2025-07-06 19:57:48.166272+00,2025-07-06 19:57:48.166272+00,,true
12fe64cd-1fda-4788-a712-048d6c24707f,Niger,NE,NER,"{""homepage"":true,""surebets"":true,""statistics"":true,""liveBetting"":true,""comparePrices"":true}",2025-07-06 21:42:35.052284+00,2025-07-06 21:42:35.052284+00,,true
156ee654-587e-408c-a20d-78c6f34f4d8f,Turks and Caicos Islands,TC,TCA,"{""homepage"":true,""surebets"":true,""statistics"":true,""liveBetting"":true,""comparePrices"":true}",2025-07-06 21:42:35.052284+00,2025-07-06 21:42:35.052284+00,,true
158dd157-6070-4ec5-a1b3-6f65d4219b93,Burundi,BI,BDI,"{""homepage"":true,""surebets"":true,""statistics"":true,""liveBetting"":true,""comparePrices"":true}",2025-06-13 03:09:34.286361+00,2025-06-17 22:30:31.925554+00,,true
16516aa5-1c41-431c-9843-334af2490d59,Serbia,RS,SRB,"{""homepage"":true,""surebets"":true,""statistics"":true,""liveBetting"":true,""comparePrices"":true}",2025-06-13 03:09:34.286361+00,2025-06-17 22:30:31.925554+00,,true
176e48a3-e929-4d08-8237-11a70b035a8b,Chad,TD,TCD,"{""homepage"":true,""surebets"":true,""statistics"":true,""liveBetting"":true,""comparePrices"":true}",2025-07-06 21:42:35.052284+00,2025-07-06 21:42:35.052284+00,,true
189dfc6b-2143-4e1c-821a-d7114ebf9ad4,Team Test Country 9a06c105,9A,9A0,{},2025-08-14 22:20:57.565437+00,2025-08-14 22:21:04.748189+00,2025-08-14 22:21:04.754654+00,true
196eb70d-8406-41b5-8868-f564beebd496,Event Test Country 584985d4,58,E58,{},2025-07-31 11:34:17.933961+00,2025-07-31 05:34:29.790745+00,2025-07-31 11:34:30.410509+00,true
1d10da0b-acde-4626-856f-df753d8e5c87,Mongolia,MN,MNG,"{""homepage"":true,""surebets"":true,""statistics"":true,""liveBetting"":true,""comparePrices"":true}",2025-07-06 20:02:43.744575+00,2025-07-06 20:02:43.744575+00,,true
1d9215a2-21c4-43f0-84ab-6d916c69d960,Hungary,HU,HUN,"{""homepage"":true,""surebets"":true,""statistics"":true,""liveBetting"":true,""comparePrices"":true}",2025-06-13 03:09:34.286361+00,2025-06-17 22:30:31.925554+00,,true
1f3fcbf2-f350-4b88-9b13-7f4b14382b62,Haiti,HT,HTI,"{""homepage"":true,""surebets"":true,""statistics"":true,""liveBetting"":true,""comparePrices"":true}",2025-07-06 21:42:35.052284+00,2025-07-06 21:42:35.052284+00,,true
2072edd4-9d64-4695-9ad9-04f0c58b3f29,Saudi Arabia,SA,SAU,"{""homepage"":true,""surebets"":true,""statistics"":true,""liveBetting"":true,""comparePrices"":true}",2025-06-13 03:09:34.286361+00,2025-06-17 22:30:31.925554+00,,true
239c4717-c5d5-4b37-a76b-b322ad4ce31b,Andorra,AD,AND,"{""homepage"":true,""surebets"":true,""statistics"":true,""liveBetting"":true,""comparePrices"":true}",2025-06-13 03:09:34.286361+00,2025-06-17 22:30:31.925554+00,,true
26bb895b-aa61-4068-81fb-76934e90ef0c,Turkmenistan,TM,TKM,"{""homepage"":true,""surebets"":true,""statistics"":true,""liveBetting"":true,""comparePrices"":true}",2025-07-06 21:42:35.052284+00,2025-07-06 21:42:35.052284+00,,true
273a4c68-3aed-4454-91f9-56628818acac,Slovenia,SI,SVN,"{""homepage"":true,""surebets"":true,""statistics"":true,""liveBetting"":true,""comparePrices"":true}",2025-06-13 03:09:34.286361+00,2025-06-17 22:30:31.925554+00,,true
27407c90-d8a8-4764-891e-f99d2b643e41,Iran,IR,IRN,"{""homepage"":true,""surebets"":true,""statistics"":true,""liveBetting"":true,""comparePrices"":true}",2025-06-13 03:09:34.286361+00,2025-06-17 22:30:31.925554+00,,true
27472ad7-260b-422b-a4f7-4c369d75f2d8,Botswana,BW,BWA,"{""homepage"":true,""surebets"":true,""statistics"":true,""liveBetting"":true,""comparePrices"":true}",2025-06-13 03:09:34.286361+00,2025-06-17 22:30:31.925554+00,,true
29a43c80-1393-49c8-9177-8e055aad316b,Sierra Leone,SL,SLE,"{""homepage"":true,""surebets"":true,""statistics"":true,""liveBetting"":true,""comparePrices"":true}",2025-07-06 20:01:18.244883+00,2025-07-06 20:01:18.244883+00,,true
2be63af0-231a-464e-befd-1e47ea137d28,Bhutan,BT,BTN,"{""homepage"":true,""surebets"":true,""statistics"":true,""liveBetting"":true,""comparePrices"":true}",2025-06-13 03:09:34.286361+00,2025-06-17 22:30:31.925554+00,,true
2c39f80c-d9e4-4ecf-8f50-135b0d9707f1,Burkina Faso,BF,BFA,"{""homepage"":true,""surebets"":true,""statistics"":true,""liveBetting"":true,""comparePrices"":true}",2025-06-13 03:09:34.286361+00,2025-06-17 22:30:31.925554+00,,true
2c550b94-93ce-4c96-9356-39ab96dc5c76,Luxembourg,LU,LUX,"{""homepage"":true,""surebets"":true,""statistics"":true,""liveBetting"":true,""comparePrices"":true}",2025-06-13 03:09:34.286361+00,2025-06-17 22:30:31.925554+00,,true
2cb605de-e98f-4ce6-9257-aad0ada81ca6,China,CN,CHN,"{""homepage"":true,""surebets"":true,""statistics"":true,""liveBetting"":true,""comparePrices"":true}",2025-06-13 03:09:34.286361+00,2025-06-25 19:13:02.697252+00,,true
2d789e50-0c42-408a-a46a-29adc3bdfe60,French Guiana,GF,GUF,"{""homepage"":true,""surebets"":true,""statistics"":true,""liveBetting"":true,""comparePrices"":true}",2025-07-06 21:42:35.052284+00,2025-07-06 21:42:35.052284+00,,true
2dc3258f-0506-4225-8f49-5ef6ca291993,Team Test Country c10e87b1,C1,C10,{},2025-07-31 11:00:33.311891+00,2025-07-31 05:00:55.164421+00,2025-07-31 11:00:55.297888+00,true
2ded2097-ebab-4756-902e-a07245d06ada,Sweden,SE,SWE,"{""homepage"":true,""surebets"":true,""statistics"":true,""liveBetting"":true,""comparePrices"":true}",2025-06-13 03:09:34.286361+00,2025-06-17 22:30:31.925554+00,,true
2f9e49f9-aa60-42bc-b25d-a13bd3db4673,Iraq,IQ,IRQ,"{""homepage"":true,""surebets"":true,""statistics"":true,""liveBetting"":true,""comparePrices"":true}",2025-06-13 03:09:34.286361+00,2025-06-17 22:30:31.925554+00,,true
31867425-6b2b-45ed-8f16-3817dcf2aef3,Egypt,EG,EGY,"{""homepage"":true,""surebets"":true,""statistics"":true,""liveBetting"":true,""comparePrices"":true}",2025-06-13 03:09:34.286361+00,2025-06-17 22:30:31.925554+00,,true
31fe33be-bd52-4b3b-9043-480dcef4feea,Oman,OM,OMN,"{""homepage"":true,""surebets"":true,""statistics"":true,""liveBetting"":true,""comparePrices"":true}",2025-07-06 21:42:35.052284+00,2025-07-06 21:42:35.052284+00,,true
32500435-89f4-46e1-925c-5990242afe73,Sudan,SD,SDN,"{""homepage"":true,""surebets"":true,""statistics"":true,""liveBetting"":true,""comparePrices"":true}",2025-07-06 21:42:35.052284+00,2025-07-06 21:42:35.052284+00,,true
343d3ddf-40ea-46fa-9eaa-6e8c183f58ef,Honduras,HN,HND,"{""homepage"":true,""surebets"":true,""statistics"":true,""liveBetting"":true,""comparePrices"":true}",2025-06-13 03:09:34.286361+00,2025-06-17 22:30:31.925554+00,,true
35073ac6-307d-4439-b194-3e185b3c8de8,Grenada,GD,GRD,"{""homepage"":true,""surebets"":true,""statistics"":true,""liveBetting"":true,""comparePrices"":true}",2025-07-06 21:42:35.052284+00,2025-07-06 21:42:35.052284+00,,true
3678a3c1-c7cf-418e-8031-7a1e18a4f363,United States Virgin Islands,VI,VIR,"{""homepage"":true,""surebets"":true,""statistics"":true,""liveBetting"":true,""comparePrices"":true}",2025-07-06 20:17:59.72705+00,2025-07-06 20:17:59.72705+00,,true
367b37cf-50a4-4a6b-81f0-b2994466e702,Taiwan,TW,TWN,"{""homepage"":true,""surebets"":true,""statistics"":true,""liveBetting"":true,""comparePrices"":true}",2025-07-06 20:12:27.716741+00,2025-07-06 20:12:27.716741+00,,true
36c3edf9-4ae2-4780-898c-fd530abe8adc,Israel,IL,ISR,"{""homepage"":true,""surebets"":true,""statistics"":true,""liveBetting"":true,""comparePrices"":true}",2025-06-13 03:09:34.286361+00,2025-06-17 22:30:31.925554+00,,true
3704bf5b-2460-4cf6-b3a3-b471f9eff678,Updated Test Country,00,003,"{""homepage"":true}",2025-08-14 22:20:48.450932+00,2025-08-14 22:20:48.858957+00,2025-08-14 22:20:48.875057+00,true
3848581d-91c4-44ed-94f4-8142f6eb46dd,Cambodia,KH,KHM,"{""homepage"":true,""surebets"":true,""statistics"":true,""liveBetting"":true,""comparePrices"":true}",2025-06-13 03:09:34.286361+00,2025-06-17 22:30:31.925554+00,,true
399e67cc-73ce-4b48-8577-7f53bb53ca15,Barbados,BB,BRB,"{""homepage"":true,""surebets"":true,""statistics"":true,""liveBetting"":true,""comparePrices"":true}",2025-06-13 03:09:34.286361+00,2025-06-17 22:30:31.925554+00,,true
3b06572b-bd38-48cf-ad65-b97e048f1ab3,Finland,FI,FIN,"{""homepage"":true,""surebets"":true,""statistics"":true,""liveBetting"":true,""comparePrices"":true}",2025-06-13 03:09:34.286361+00,2025-06-17 22:30:31.925554+00,,true
3d41d2b2-195a-48fc-b2c2-16b2614c18b1,Updated Test Country,B4,B48,"{""homepage"":true}",2025-07-31 10:55:56.733675+00,2025-07-31 04:55:59.001323+00,2025-07-31 10:55:59.130677+00,true
4006de4c-9c62-4981-9cd5-c2a568aba7f8,Liberia,LR,LBR,"{""homepage"":true,""surebets"":true,""statistics"":true,""liveBetting"":true,""comparePrices"":true}",2025-07-06 20:05:38.0074+00,2025-07-06 20:05:38.0074+00,,true
40433f39-0638-4f6e-9dad-8e0b2983bb8a,Madagascar,MG,MDG,"{""homepage"":true,""surebets"":true,""statistics"":true,""liveBetting"":true,""comparePrices"":true}",2025-07-06 20:04:51.075015+00,2025-07-06 20:04:51.075015+00,,true
40a80f4b-c62f-466f-8279-d07e1b78de4b,Jamaica,JM,JAM,"{""homepage"":true,""surebets"":true,""statistics"":true,""liveBetting"":true,""comparePrices"":true}",2025-06-13 03:09:34.286361+00,2025-06-17 22:30:31.925554+00,,true
4213737f-2f5e-4204-b872-f2f4f79e8c60,Team Test Country 1d3a0eff,1D,1D3,{},2025-07-31 10:56:25.462396+00,2025-07-31 04:56:46.811312+00,2025-07-31 10:56:46.890504+00,true
467a569b-f571-4d30-b01c-703044bb30d6,Bermuda,BM,BMU,"{""homepage"":true,""surebets"":true,""statistics"":true,""liveBetting"":true,""comparePrices"":true}",2025-07-06 21:42:35.052284+00,2025-07-06 21:42:35.052284+00,,true
4767b065-4feb-4c1c-9a32-c5b38b547113,Event Test Country 2c242d2f,2C,E2C,{},2025-08-15 03:58:10.111647+00,2025-08-14 21:58:23.56953+00,2025-08-15 03:58:23.543893+00,true
4784d28c-46c6-4a98-833d-65613b03e541,Cuba,CU,CUB,"{""homepage"":true,""surebets"":true,""statistics"":true,""liveBetting"":true,""comparePrices"":true}",2025-06-13 03:09:34.286361+00,2025-06-17 22:30:31.925554+00,,true
495435ee-da12-4ef3-84ef-3514cbfc63cd,South Africa,ZA,ZAF,"{""homepage"":true,""surebets"":true,""statistics"":true,""liveBetting"":true,""comparePrices"":true}",2025-06-13 03:09:34.286361+00,2025-06-17 22:30:31.925554+00,,true
498fdd91-7a1c-4186-bc9d-b0290033e7e3,Updated Test Country,69,693,"{""homepage"":true}",2025-07-31 09:42:20.990056+00,2025-07-31 03:42:23.41554+00,2025-07-31 09:42:23.509302+00,true
4b3595cd-7422-42eb-9c00-337bbd650525,Panama,PA,PAN,"{""homepage"":true,""surebets"":true,""statistics"":true,""liveBetting"":true,""comparePrices"":true}",2025-06-13 03:09:34.286361+00,2025-06-17 22:30:31.925554+00,,true
4b573710-be1f-4275-9aee-57492364cbcb,Uzbekistan,UZ,UZB,"{""homepage"":true,""surebets"":true,""statistics"":true,""liveBetting"":true,""comparePrices"":true}",2025-07-06 21:42:35.052284+00,2025-07-06 21:42:35.052284+00,,true
4b91d2ac-3387-4afa-97fb-4916da491ab5,Ghana,GH,GHA,"{""homepage"":true,""surebets"":true,""statistics"":true,""liveBetting"":true,""comparePrices"":true}",2025-07-06 21:42:35.052284+00,2025-07-06 21:42:35.052284+00,,true
4f30de90-eebe-41c5-bf3d-daab7fe85f82,Nepal,NP,NPL,"{""homepage"":true,""surebets"":true,""statistics"":true,""liveBetting"":true,""comparePrices"":true}",2025-07-06 21:42:35.052284+00,2025-07-06 21:42:35.052284+00,,true
4f896731-0b7c-4e07-aa8c-660ef8edede4,Kuwait,KW,KWT,"{""homepage"":true,""surebets"":true,""statistics"":true,""liveBetting"":true,""comparePrices"":true}",2025-06-13 03:09:34.286361+00,2025-06-17 22:30:31.925554+00,,true
527e4e05-736f-4de1-8828-5a12969df302,Peru,PE,PER,"{""homepage"":true,""surebets"":true,""statistics"":true,""liveBetting"":true,""comparePrices"":true}",2025-06-13 03:09:34.286361+00,2025-06-17 22:30:31.925554+00,,true
54efff7c-ba3b-4366-8442-db58476e06ac,Philippines,PH,PHL,"{""homepage"":true,""surebets"":true,""statistics"":true,""liveBetting"":true,""comparePrices"":true}",2025-06-13 03:09:34.286361+00,2025-06-17 22:30:31.925554+00,,true
56c86748-d862-4a5b-bdb0-af808d40b510,Team Test Country 743861c4,74,743,{},2025-08-15 04:02:43.844227+00,2025-08-14 22:03:16.452605+00,2025-08-15 04:03:16.437875+00,true
5711a372-4e6a-4fba-ba56-65ed34ee28ca,Japan,JP,JPN,"{""homepage"":true,""surebets"":true,""statistics"":true,""liveBetting"":true,""comparePrices"":true}",2025-06-13 03:09:34.286361+00,2025-06-17 22:30:31.925554+00,,true
583bfeab-c8b1-44c4-901b-0fe807c0cc72,Comoros,KM,COM,"{""homepage"":true,""surebets"":true,""statistics"":true,""liveBetting"":true,""comparePrices"":true}",2025-07-06 19:43:12.205565+00,2025-07-06 19:49:21.932636+00,,true
585592b0-915b-4793-bddd-e0a39e79cc69,Palestine,PS,PSE,"{""homepage"":true,""surebets"":true,""statistics"":true,""liveBetting"":true,""comparePrices"":true}",2025-07-06 21:42:35.052284+00,2025-07-06 21:42:35.052284+00,,true
59cbc784-bd17-49e2-b283-fee21170e4e7,Georgia,GE,GEO,"{""homepage"":true,""surebets"":true,""statistics"":true,""liveBetting"":true,""comparePrices"":true}",2025-07-06 19:54:40.563249+00,2025-07-06 19:54:40.563249+00,,true
5b459f54-2b95-4658-9cf5-addd9d66a2f3,Aruba,AW,ABW,"{""homepage"":true,""surebets"":true,""statistics"":true,""liveBetting"":true,""comparePrices"":true}",2025-07-06 21:42:35.052284+00,2025-07-06 21:42:35.052284+00,,true
5c089bb0-b43e-4ce9-88f7-1274617c41e2,Ecuador,EC,ECU,"{""homepage"":true,""surebets"":true,""statistics"":true,""liveBetting"":true,""comparePrices"":true}",2025-06-13 03:09:34.286361+00,2025-06-17 22:30:31.925554+00,,true
5c73ddb9-f624-4492-89d0-3e9ea4fb08f3,Updated Test Country,CE,CE4,"{""homepage"":true}",2025-08-15 04:02:09.700675+00,2025-08-14 22:02:12.124801+00,2025-08-15 04:02:12.233367+00,true
5cab4f1b-09a0-4a3d-8b1c-4d438b389d28,Suriname,SR,SUR,"{""homepage"":true,""surebets"":true,""statistics"":true,""liveBetting"":true,""comparePrices"":true}",2025-07-06 20:01:00.083929+00,2025-07-06 20:01:00.083929+00,,true
5ccf736b-6587-4880-a26f-218da503bbb6,Azerbaijan,AZ,AZE,"{""homepage"":true,""surebets"":true,""statistics"":true,""liveBetting"":true,""comparePrices"":true}",2025-06-13 03:09:34.286361+00,2025-06-17 22:30:31.925554+00,,true
5eb210a8-8338-4c8c-ad15-3a9f3927c6b3,Norway,NO,NOR,"{""homepage"":true,""surebets"":true,""statistics"":true,""liveBetting"":true,""comparePrices"":true}",2025-06-13 03:09:34.286361+00,2025-06-17 22:30:31.925554+00,,true
5eeb8056-1c91-42f4-8b84-d7600792878f,Denmark,DK,DNK,"{""homepage"":true,""surebets"":true,""statistics"":true,""liveBetting"":true,""comparePrices"":true}",2025-06-13 03:09:34.286361+00,2025-06-17 22:30:31.925554+00,,true
622513df-f0d0-4856-993e-75595e7bdfb0,Anguilla,AI,AIA,"{""homepage"":true,""surebets"":true,""statistics"":true,""liveBetting"":true,""comparePrices"":true}",2025-07-06 21:42:35.052284+00,2025-07-06 21:42:35.052284+00,,true
623bbae2-2db2-43e8-a6f1-ea5728df601c,Updated Test Country,47,472,"{""homepage"":true}",2025-07-31 11:00:04.507192+00,2025-07-31 05:00:06.675743+00,2025-07-31 11:00:06.787414+00,true
62c79cb5-0d61-413d-8c34-1fcb66ee4cdc,Brazil,BR,BRA,"{""homepage"":true,""surebets"":true,""statistics"":true,""liveBetting"":true,""comparePrices"":true}",2025-06-13 03:09:34.286361+00,2025-06-17 22:30:31.925554+00,,true
64033002-5d1a-4b5b-b99d-ee8f887ac820,Antigua and Barbuda,AG,ATG,"{""homepage"":true,""surebets"":true,""statistics"":true,""liveBetting"":true,""comparePrices"":true}",2025-07-06 21:42:35.052284+00,2025-07-06 21:42:35.052284+00,,true
68e325c2-80b4-4ab0-a98e-2929fdfd61af,Poland,PL,POL,"{""homepage"":true,""surebets"":true,""statistics"":true,""liveBetting"":true,""comparePrices"":true}",2025-06-13 03:09:34.286361+00,2025-06-17 22:30:31.925554+00,,true
69b76cc8-e01a-404a-b25b-dbd1a21069a8,Tanzania,TZ,TZA,"{""homepage"":true,""surebets"":true,""statistics"":true,""liveBetting"":true,""comparePrices"":true}",2025-07-06 21:42:35.052284+00,2025-07-06 21:42:35.052284+00,,true
6c2830ed-6127-4ef2-8ce5-4c836cd20d75,Cayman Islands,KY,CYM,"{""homepage"":true,""surebets"":true,""statistics"":true,""liveBetting"":true,""comparePrices"":true}",2025-07-06 21:42:35.052284+00,2025-07-06 21:42:35.052284+00,,true
6c75e16a-58a1-4be7-b413-301c88360c93,Monaco,MC,MCO,"{""homepage"":true,""surebets"":true,""statistics"":true,""liveBetting"":true,""comparePrices"":true}",2025-07-06 20:03:03.385377+00,2025-07-06 20:03:03.385377+00,,true
6d961741-7617-4aa8-b61c-d8e92b4db6d1,Czech Republic,CZ,CZE,"{""homepage"":true,""surebets"":true,""statistics"":true,""liveBetting"":true,""comparePrices"":true}",2025-06-13 03:09:34.286361+00,2025-06-17 22:30:31.925554+00,,true
6de0c029-2e48-46e3-9af0-6e1c74ef60c4,British Virgin Islands,VG,VGB,"{""homepage"":true,""surebets"":true,""statistics"":true,""liveBetting"":true,""comparePrices"":true}",2025-07-06 20:17:59.72705+00,2025-07-06 20:17:59.72705+00,,true
6f8c0bdd-3a62-4b2a-846e-d8b218b14629,Saint Vincent and the Grenadines,VC,VCT,"{""homepage"":true,""surebets"":true,""statistics"":true,""liveBetting"":true,""comparePrices"":true}",2025-07-06 21:42:35.052284+00,2025-07-06 21:42:35.052284+00,,true
704f73b9-a037-4c55-b742-c832c2241368,Ukraine,UA,UKR,"{""homepage"":true,""surebets"":true,""statistics"":true,""liveBetting"":true,""comparePrices"":true}",2025-06-13 03:09:34.286361+00,2025-06-17 22:30:31.925554+00,,true
705baf8d-b1f4-421c-b09b-149659e95e4a,Updated Test Country,E2,E24,"{""homepage"":true}",2025-07-31 10:34:07.638646+00,2025-07-31 04:34:10.069575+00,2025-07-31 10:34:10.154889+00,true
71337a1a-936b-4e85-b413-4c956bcab75e,Event Test Country f76355d3,F7,EF7,{},2025-08-15 04:03:03.487092+00,2025-08-14 22:03:16.98134+00,2025-08-15 04:03:17.044565+00,true
71bba0e5-6d6f-44d4-ab82-f3ad6bf33fe6,Togo,TG,TGO,"{""homepage"":true,""surebets"":true,""statistics"":true,""liveBetting"":true,""comparePrices"":true}",2025-07-06 21:42:35.052284+00,2025-07-06 21:42:35.052284+00,,true
750b7d43-e0ca-4941-b60d-81aa2d7499dc,Somalia,SO,SOM,"{""homepage"":true,""surebets"":true,""statistics"":true,""liveBetting"":true,""comparePrices"":true}",2025-07-06 21:42:35.052284+00,2025-07-06 21:42:35.052284+00,,true
753a5d22-b970-48c2-b680-5bc79536e60a,Montenegro,ME,MNE,"{""homepage"":true,""surebets"":true,""statistics"":true,""liveBetting"":true,""comparePrices"":true}",2025-07-06 20:02:25.722017+00,2025-07-06 20:02:25.722017+00,,true
757919f5-ff1f-474c-8ddf-7968eb3df663,South Sudan,SS,SSD,"{""homepage"":true,""surebets"":true,""statistics"":true,""liveBetting"":true,""comparePrices"":true}",2025-07-06 21:42:35.052284+00,2025-07-06 21:42:35.052284+00,,true
76413a05-1554-4fb9-bc75-589925094650,Cameroon,CM,CMR,"{""homepage"":true,""surebets"":true,""statistics"":true,""liveBetting"":true,""comparePrices"":true}",2025-06-13 03:09:34.286361+00,2025-06-17 22:30:31.925554+00,,true
76af0c67-ce8c-40d7-a759-3bc353031aef,Updated Test Country,3E,3E5,"{""homepage"":true}",2025-07-31 11:01:10.273692+00,2025-07-31 05:01:12.318611+00,2025-07-31 11:01:12.413856+00,true
78ce8186-f210-4d62-a4cf-b82c280bf823,Team Test Country 94a15fed,94,94A,{},2025-07-31 09:42:49.572473+00,2025-07-31 03:43:05.183135+00,2025-07-31 09:43:05.157151+00,true
79a68043-4b58-4905-8872-02497d3bc508,Tunisia,TN,TUN,"{""homepage"":true,""surebets"":true,""statistics"":true,""liveBetting"":true,""comparePrices"":true}",2025-06-13 03:09:34.286361+00,2025-06-17 22:30:31.925554+00,,true
7a5bfd90-e87a-4f90-9a0c-380c60d5591d,Thailand,TH,THA,"{""homepage"":true,""surebets"":true,""statistics"":true,""liveBetting"":true,""comparePrices"":true}",2025-06-13 03:09:34.286361+00,2025-06-17 22:30:31.925554+00,,true
7aaf0927-b179-4af0-9e17-4995d0203a7c,Estonia,EE,EST,"{""homepage"":true,""surebets"":true,""statistics"":true,""liveBetting"":true,""comparePrices"":true}",2025-06-13 03:09:34.286361+00,2025-06-17 22:30:31.925554+00,,true
7ca464af-2819-47e7-bffa-7fca23dc1131,Saint Lucia,LC,LCA,"{""homepage"":true,""surebets"":true,""statistics"":true,""liveBetting"":true,""comparePrices"":true}",2025-07-06 21:42:35.052284+00,2025-07-06 21:42:35.052284+00,,true
7d386725-7fd1-427b-84de-88efb7386d37,Macedonia,MK,MKD,"{""homepage"":true,""surebets"":true,""statistics"":true,""liveBetting"":true,""comparePrices"":true}",2025-07-06 20:05:08.659657+00,2025-07-06 20:05:08.659657+00,,true
7daa900d-7f1a-4206-ad2d-29ed3c23e520,Morocco,MA,MAR,"{""homepage"":true,""surebets"":true,""statistics"":true,""liveBetting"":true,""comparePrices"":true}",2025-06-13 03:09:34.286361+00,2025-06-17 22:30:31.925554+00,,true
7e4b020e-4254-407a-a89b-5243559091c1,South Korea,KR,KOR,"{""homepage"":true,""surebets"":true,""statistics"":true,""liveBetting"":true,""comparePrices"":true}",2025-06-13 03:09:34.286361+00,2025-06-17 22:30:31.925554+00,,true
7eb7b7de-b51e-4ebe-bccf-47d623d6ec59,Djibouti,DJ,DJI,"{""homepage"":true,""surebets"":true,""statistics"":true,""liveBetting"":true,""comparePrices"":true}",2025-07-06 21:42:35.052284+00,2025-07-06 21:42:35.052284+00,,true
7eeffc7c-eb35-427d-b70e-fe50fadd4411,Malta,MT,MLT,"{""homepage"":true,""surebets"":true,""statistics"":true,""liveBetting"":true,""comparePrices"":true}",2025-07-06 20:03:54.654881+00,2025-07-06 20:03:54.654881+00,,true
7f7a13c5-3420-4115-b920-05d7c572fa3c,Narnia,N1,N11,{},2025-07-26 01:25:05.290757+00,2025-07-26 01:25:05.290763+00,,true
846995a7-3b54-47f9-af02-716269773d20,Trinidad and Tobago,TT,TTO,"{""homepage"":true,""surebets"":true,""statistics"":true,""liveBetting"":true,""comparePrices"":true}",2025-07-06 21:42:35.052284+00,2025-07-06 21:42:35.052284+00,,true
848419c9-4487-47a9-b82d-a130ab871485,Martinique,MQ,MTQ,"{""homepage"":true,""surebets"":true,""statistics"":true,""liveBetting"":true,""comparePrices"":true}",2025-07-06 21:42:35.052284+00,2025-07-06 21:42:35.052284+00,,true
84b518d5-38e3-4e66-a791-0f4831daf3db,Montserrat,MS,MSR,"{""homepage"":true,""surebets"":true,""statistics"":true,""liveBetting"":true,""comparePrices"":true}",2025-07-06 21:42:35.052284+00,2025-07-06 21:42:35.052284+00,,true
8555dcfd-ce54-452b-b570-64f7129b1e24,United Kingdom,GB,GBR,"{""homepage"":true,""surebets"":true,""statistics"":true,""liveBetting"":true,""comparePrices"":true}",2025-06-13 03:09:34.286361+00,2025-06-17 22:30:31.925554+00,,true
85dde6ad-015c-4582-b798-6608608c9a7b,Spain,ES,ESP,"{""homepage"":true,""surebets"":true,""statistics"":true,""liveBetting"":true,""comparePrices"":true}",2025-06-13 03:09:34.286361+00,2025-06-17 22:30:31.925554+00,,true
86ff6c65-d17d-407a-8e2b-58af87485968,Eswatini,SZ,SWZ,"{""homepage"":true,""surebets"":true,""statistics"":true,""liveBetting"":true,""comparePrices"":true}",2025-07-06 21:42:35.052284+00,2025-07-06 21:42:35.052284+00,,true
8728f12f-80a7-4b98-bf4b-f262c34c08c4,Belarus,BY,BLR,"{""homepage"":true,""surebets"":true,""statistics"":true,""liveBetting"":true,""comparePrices"":true}",2025-06-13 03:09:34.286361+00,2025-06-17 22:30:31.925554+00,,true
8774ae15-4a70-4f51-8f64-bbf8663d678c,Australia,AU,AUS,"{""homepage"":true,""surebets"":true,""statistics"":true,""liveBetting"":true,""comparePrices"":true}",2025-06-13 03:09:34.286361+00,2025-06-17 22:30:31.925554+00,,true
87d45282-4c0c-46d4-b568-8c1428f09732,Guam,GU,GUM,"{""homepage"":true,""surebets"":true,""statistics"":true,""liveBetting"":true,""comparePrices"":true}",2025-07-06 20:12:27.716741+00,2025-07-06 20:12:27.716741+00,,true
8881d3cc-a7b2-43ce-bb80-8c5cc262c778,Afghanistan,AF,AFG,"{""surebets"":true}",2025-06-13 03:09:34.286361+00,2025-06-17 23:17:24.698048+00,,true
8be77465-344f-4b67-81d0-dbb34f78db07,Gibraltar,GI,GIB,"{""homepage"":true,""surebets"":true,""statistics"":true,""liveBetting"":true,""comparePrices"":true}",2025-07-06 21:42:35.052284+00,2025-07-06 21:42:35.052284+00,,true
8c839177-fd10-4488-b281-fe9e0ce57344,Italy,IT,ITA,"{""homepage"":true,""surebets"":true,""statistics"":true,""liveBetting"":true,""comparePrices"":true}",2025-06-13 03:09:34.286361+00,2025-06-17 22:30:31.925554+00,,true
8cdc0b6b-c56d-41fb-8468-aca313cd3667,Bolivia,BO,BOL,"{""homepage"":true,""surebets"":true,""statistics"":true,""liveBetting"":true,""comparePrices"":true}",2025-06-13 03:09:34.286361+00,2025-06-17 22:30:31.925554+00,,true
8f2cbf96-693a-4a87-a87d-94c6411a19b6,NULL,-0,--0,{},2025-07-07 02:19:36.42937+00,2025-07-07 02:19:36.42937+00,,true
8fdecf7d-9013-4c34-b937-d72b48138f4c,Latvia,LV,LVA,"{""homepage"":true,""surebets"":true,""statistics"":true,""liveBetting"":true,""comparePrices"":true}",2025-06-13 03:09:34.286361+00,2025-06-17 22:30:31.925554+00,,true
9034a978-3682-4fbc-b0a3-52708d01605a,Curacao,CW,CUW,"{""homepage"":true,""surebets"":true,""statistics"":true,""liveBetting"":true,""comparePrices"":true}",2025-07-06 21:42:35.052284+00,2025-07-06 21:42:35.052284+00,,true
90fa4a03-0126-4fe4-8ad9-74b283f3bdda,Ethiopia,ET,ETH,"{""homepage"":true,""surebets"":true,""statistics"":true,""liveBetting"":true,""comparePrices"":true}",2025-06-13 03:09:34.286361+00,2025-06-17 22:30:31.925554+00,,true
91a83ade-77eb-4a15-b405-fef95e40e43a,France,FR,FRA,"{""homepage"":true,""surebets"":true,""statistics"":true,""liveBetting"":true,""comparePrices"":true}",2025-06-13 03:09:34.286361+00,2025-06-24 16:51:24.858307+00,,true
9456d253-6a65-44ea-ac9f-60afd1002c21,Bangladesh,BD,BGD,"{""homepage"":true,""surebets"":true,""statistics"":true,""liveBetting"":true,""comparePrices"":true}",2025-06-13 03:09:34.286361+00,2025-06-17 22:30:31.925554+00,,true
95aa6a79-a7db-4698-bb3e-9a2e7af79926,Slovakia,SK,SVK,"{""homepage"":true,""surebets"":true,""statistics"":true,""liveBetting"":true,""comparePrices"":true}",2025-06-13 03:09:34.286361+00,2025-06-17 22:30:31.925554+00,,true
983fff43-ec56-4638-b477-488b098ce6cb,Turkey,TR,TUR,"{""homepage"":true,""surebets"":true,""statistics"":true,""liveBetting"":true,""comparePrices"":true}",2025-06-13 03:09:34.286361+00,2025-06-17 22:30:31.925554+00,,true
9856aed0-269f-4068-8627-a04e51ee1633,French Polynesia,PF,PYF,"{""homepage"":true,""surebets"":true,""statistics"":true,""liveBetting"":true,""comparePrices"":true}",2025-07-06 21:42:35.052284+00,2025-07-06 21:42:35.052284+00,,true
99148cf5-c76c-4f93-804b-0d773ee6d941,Gambia,GM,GMB,"{""homepage"":true,""surebets"":true,""statistics"":true,""liveBetting"":true,""comparePrices"":true}",2025-07-06 19:54:03.395559+00,2025-07-06 19:54:03.395559+00,,true
9a9acf2b-a29a-49c9-a07e-7d5a6d02ec1f,Team Test Country efa1b071,EF,EFA,{},2025-07-31 11:01:37.213707+00,2025-07-31 05:01:59.916324+00,2025-07-31 11:02:00.075672+00,true
9b470dad-fd0b-42ef-a36f-aba2aa9bb005,Kenya,KE,KEN,"{""homepage"":true,""surebets"":true,""statistics"":true,""liveBetting"":true,""comparePrices"":true}",2025-06-13 03:09:34.286361+00,2025-06-17 22:30:31.925554+00,,true
9b652fa7-c7b5-4392-a4c5-dc4d0498228e,Iceland,IS,ISL,"{""homepage"":true,""surebets"":true,""statistics"":true,""liveBetting"":true,""comparePrices"":true}",2025-06-13 03:09:34.286361+00,2025-06-17 22:30:31.925554+00,,true
9bd5ba3c-fb8c-4c32-b88e-a407f03960c5,India,IN,IND,"{""homepage"":true,""surebets"":true,""statistics"":true,""liveBetting"":true,""comparePrices"":true}",2025-06-13 03:09:34.286361+00,2025-06-17 22:30:31.925554+00,,true
9c860b3f-4faf-482b-b0c0-01f2e494f88a,Russia,RU,RUS,"{""homepage"":true,""surebets"":true,""statistics"":true,""liveBetting"":true,""comparePrices"":true}",2025-06-13 03:09:34.286361+00,2025-06-17 22:30:31.925554+00,,true
a0c248ec-d95b-46f7-a789-5aba5a226e1f,Guinea,GN,GIN,"{""homepage"":true,""surebets"":true,""statistics"":true,""liveBetting"":true,""comparePrices"":true}",2025-07-06 21:42:35.052284+00,2025-07-06 21:42:35.052284+00,,true
a185dd09-8136-4b55-bd9e-f609f9d0d496,Ireland,IE,IRL,"{""homepage"":true,""surebets"":true,""statistics"":true,""liveBetting"":true,""comparePrices"":true}",2025-06-13 03:09:34.286361+00,2025-06-17 22:30:31.925554+00,,true
a27bf966-6615-4c50-8f9f-d19423b4f527,Jordan,JO,JOR,"{""homepage"":true,""surebets"":true,""statistics"":true,""liveBetting"":true,""comparePrices"":true}",2025-06-13 03:09:34.286361+00,2025-06-17 22:30:31.925554+00,,true
a286c9a1-f387-489b-bed0-f2f381f53161,Senegal,SN,SEN,"{""homepage"":true,""surebets"":true,""statistics"":true,""liveBetting"":true,""comparePrices"":true}",2025-07-06 21:42:35.052284+00,2025-07-06 21:42:35.052284+00,,true
a2a39102-289e-4a01-b23c-7b2f5ad0c9e7,Uruguay,UY,URY,"{""homepage"":true,""surebets"":true,""statistics"":true,""liveBetting"":true,""comparePrices"":true}",2025-06-13 03:09:34.286361+00,2025-06-17 22:30:31.925554+00,,true
a5efbc62-7d47-48e8-93d8-2bd968dca600,Colombia,CO,COL,"{""homepage"":true,""surebets"":true,""statistics"":true,""liveBetting"":true,""comparePrices"":true}",2025-06-13 03:09:34.286361+00,2025-06-17 22:30:31.925554+00,,true
a62d4885-2d6a-4c94-a99e-e29ee644c097,United States,US,USA,"{""homepage"":true,""surebets"":true,""statistics"":true,""liveBetting"":true,""comparePrices"":true}",2025-06-13 03:09:34.286361+00,2025-06-25 23:09:38.404413+00,,true
a7b0c7a4-9785-4538-ae11-4474529b26ed,Cabo Verde,CV,CPV,"{""homepage"":true,""surebets"":true,""statistics"":true,""liveBetting"":true,""comparePrices"":true}",2025-06-13 03:09:34.286361+00,2025-06-17 22:30:31.925554+00,,true
aa443c20-4bde-487b-8e2a-f74219c5df01,Germany,DE,DEU,"{""homepage"":true,""surebets"":true,""statistics"":true,""liveBetting"":true,""comparePrices"":true}",2025-06-13 03:09:34.286361+00,2025-06-17 22:30:31.925554+00,,true
aab64988-cb8b-402e-802c-e5f3a73de227,Team Test Country 18a2abe3,18,18A,{},2025-07-31 10:49:36.10057+00,2025-07-31 04:49:58.360202+00,2025-07-31 10:49:58.480442+00,true
aac9c506-c8c0-4bfa-b957-4336c420d8c5,Romania,RO,ROU,"{""homepage"":true,""surebets"":true,""statistics"":true,""liveBetting"":true,""comparePrices"":true}",2025-06-13 03:09:34.286361+00,2025-06-17 22:30:31.925554+00,,true
ab17dfb0-a059-48cd-a0c0-9b0630dc4ecf,Congo,CG,COG,"{""homepage"":true,""surebets"":true,""statistics"":true,""liveBetting"":true,""comparePrices"":true}",2025-07-06 21:42:35.052284+00,2025-07-06 21:42:35.052284+00,,true
ab52bf77-f5b5-4e3d-a2e2-9559216e41a5,Pakistan,PK,PAK,"{""homepage"":true,""surebets"":true,""statistics"":true,""liveBetting"":true,""comparePrices"":true}",2025-06-13 03:09:34.286361+00,2025-06-17 22:30:31.925554+00,,true
ac7a6677-4761-4da4-a20e-d55995a44076,Gabon,GA,GAB,"{""homepage"":true,""surebets"":true,""statistics"":true,""liveBetting"":true,""comparePrices"":true}",2025-07-06 21:42:35.052284+00,2025-07-06 21:42:35.052284+00,,true
adc97150-2d8f-4723-aa0b-ade33a5a3713,Guatemala,GT,GTM,"{""homepage"":true,""surebets"":true,""statistics"":true,""liveBetting"":true,""comparePrices"":true}",2025-06-13 03:09:34.286361+00,2025-06-17 22:30:31.925554+00,,true
af57ddd2-0edf-45d5-8656-0d4ef6cd8c32,Puerto Rico,PR,PRI,"{""homepage"":true,""surebets"":true,""statistics"":true,""liveBetting"":true,""comparePrices"":true}",2025-07-06 21:42:35.052284+00,2025-07-06 21:42:35.052284+00,,true
b0c8cf9a-2982-4971-8042-7b4a5bbefd01,Zimbabwe,ZW,ZWE,"{""homepage"":true,""surebets"":true,""statistics"":true,""liveBetting"":true,""comparePrices"":true}",2025-07-06 21:42:35.052284+00,2025-07-06 21:42:35.052284+00,,true
b129014e-ef33-4883-bdc7-c688a8de9d51,Lebanon,LB,LBN,"{""homepage"":true,""surebets"":true,""statistics"":true,""liveBetting"":true,""comparePrices"":true}",2025-06-13 03:09:34.286361+00,2025-06-17 22:30:31.925554+00,,true
b25917f3-bc39-447c-be76-5e90d413cffb,Bahamas,BS,BHS,"{""homepage"":true,""surebets"":true,""statistics"":true,""liveBetting"":true,""comparePrices"":true}",2025-06-13 03:09:34.286361+00,2025-06-17 22:30:31.925554+00,,true
b279c730-fe6f-4c19-8a29-56d13dbaa621,Costa Rica,CR,CRI,"{""homepage"":true,""surebets"":true,""statistics"":true,""liveBetting"":true,""comparePrices"":true}",2025-06-13 03:09:34.286361+00,2025-06-17 22:30:31.925554+00,,true
b3039791-289b-419b-9f0a-f4f720bb2951,Malaysia,MY,MYS,"{""homepage"":true,""surebets"":true,""statistics"":true,""liveBetting"":true,""comparePrices"":true}",2025-06-13 03:09:34.286361+00,2025-06-17 22:30:31.925554+00,,true
b47649e8-9805-4d16-90ba-6b733a584625,Guyana,GY,GUY,"{""homepage"":true,""surebets"":true,""statistics"":true,""liveBetting"":true,""comparePrices"":true}",2025-07-06 19:58:20.35673+00,2025-07-06 19:58:20.35673+00,,true
b871b859-2567-4088-8f07-eb35bb476cc4,Kazakhstan,KZ,KAZ,"{""homepage"":true,""surebets"":true,""statistics"":true,""liveBetting"":true,""comparePrices"":true}",2025-06-13 03:09:34.286361+00,2025-06-17 22:30:31.925554+00,,true
b8b6e66b-a705-4d9b-bdf8-16b73c73f68d,Bulgaria,BG,BGR,"{""homepage"":true,""surebets"":true,""statistics"":true,""liveBetting"":true,""comparePrices"":true}",2025-06-13 03:09:34.286361+00,2025-06-17 22:30:31.925554+00,,true
b8fc1095-f084-4db6-a9b4-7fca12d46a1a,Lesotho,LS,LSO,"{""homepage"":true,""surebets"":true,""statistics"":true,""liveBetting"":true,""comparePrices"":true}",2025-07-06 21:42:35.052284+00,2025-07-06 21:42:35.052284+00,,true
b97ea9ae-7657-4bf4-92fa-2451cbf2c853,Saint Martin,MF,MAF,"{""homepage"":true,""surebets"":true,""statistics"":true,""liveBetting"":true,""comparePrices"":true}",2025-07-06 21:42:35.052284+00,2025-07-06 21:42:35.052284+00,,true
bd70b2c7-3cb4-435c-9925-ab3b7e2c6c21,Team Test Country e7469d10,E7,E74,{},2025-07-31 10:34:38.910648+00,2025-07-31 04:35:00.868593+00,2025-07-31 10:35:00.968328+00,true
c008a471-cc30-4d71-bead-ed9309d88c49,Canada,CA,CAN,"{""homepage"":true,""surebets"":true,""statistics"":true,""liveBetting"":true,""comparePrices"":true}",2025-06-13 03:09:34.286361+00,2025-06-25 22:44:49.661778+00,,true
c2668561-58cd-4535-983e-956d9735b381,Saint Kitts and Nevis,KN,KNA,"{""homepage"":true,""surebets"":true,""statistics"":true,""liveBetting"":true,""comparePrices"":true}",2025-07-06 21:42:35.052284+00,2025-07-06 21:42:35.052284+00,,true
c42ebf68-8097-440f-8273-99649418addd,Bahrain,BH,BHR,"{""homepage"":true,""surebets"":true,""statistics"":true,""liveBetting"":true,""comparePrices"":true}",2025-06-13 03:09:34.286361+00,2025-06-17 22:30:31.925554+00,,true
c6e2ec1f-4a57-4b5c-b07b-36ad59f64bd0,Congo-DR,CD,COD,"{""homepage"":true,""surebets"":true,""statistics"":true,""liveBetting"":true,""comparePrices"":true}",2025-07-06 19:49:00.203361+00,2025-07-06 19:49:00.203361+00,,true
c71eee6c-5585-47b6-89c3-8b7a44742574,Malawi,MW,MWI,"{""homepage"":true,""surebets"":true,""statistics"":true,""liveBetting"":true,""comparePrices"":true}",2025-07-06 20:06:44.122498+00,2025-07-06 20:06:44.122498+00,,true
c7251422-2226-4ea9-aa65-e37748b9632b,Event Test Country 97b17be7,97,E97,{},2025-08-14 22:21:01.536234+00,2025-08-14 22:21:04.857203+00,2025-08-14 22:21:04.86561+00,true
c8568722-b113-4b0c-adb1-181db13cd26f,Event Test Country 68f2aa68,68,E68,{},2025-07-31 11:01:49.019054+00,2025-07-31 05:02:00.51122+00,2025-07-31 11:02:00.656167+00,true
c878cc81-a597-404c-83a1-143dceeaf24e,Austria,AT,AUT,"{""homepage"":true,""surebets"":true,""statistics"":true,""liveBetting"":true,""comparePrices"":true}",2025-06-13 03:09:34.286361+00,2025-06-17 22:30:31.925554+00,,true
ca5363ad-01aa-49cb-919e-25cf1052c9a3,Indonesia,ID,IDN,"{""homepage"":true,""surebets"":true,""statistics"":true,""liveBetting"":true,""comparePrices"":true}",2025-06-13 03:09:34.286361+00,2025-06-17 22:30:31.925554+00,,true
caa2347a-529c-4ca1-baea-cd401f6d456b,Nigeria,NG,NGA,"{""homepage"":true,""surebets"":true,""statistics"":true,""liveBetting"":true,""comparePrices"":true}",2025-06-13 03:09:34.286361+00,2025-06-17 22:30:31.925554+00,,true
ce157ced-e69c-4319-8f8b-cca16a843526,Nicaragua,NI,NIC,"{""homepage"":true,""surebets"":true,""statistics"":true,""liveBetting"":true,""comparePrices"":true}",2025-07-06 21:42:35.052284+00,2025-07-06 21:42:35.052284+00,,true
ce9da1d1-b2b6-486c-b8e4-8515e825b592,Updated Test Country,6D,6DD,"{""homepage"":true}",2025-07-31 11:33:32.790408+00,2025-07-31 05:33:34.743749+00,2025-07-31 11:33:35.39701+00,true
cf1ebb71-6f4e-49fc-98f1-78a10b3d4a0e,Netherlands,NL,NLD,"{""homepage"":true,""surebets"":true,""statistics"":true,""liveBetting"":true,""comparePrices"":true}",2025-06-13 03:09:34.286361+00,2025-06-17 22:30:31.925554+00,,true
cf397a23-8a2e-4829-90bc-910dee7e1ee4,San Marino,SM,SMR,"{""homepage"":true,""surebets"":true,""statistics"":true,""liveBetting"":true,""comparePrices"":true}",2025-07-06 21:42:35.052284+00,2025-07-06 21:42:35.052284+00,,true
d0641f33-bfcb-47fb-82b7-e74fd9de13d6,Brunei,BN,BRN,"{""homepage"":true,""surebets"":true,""statistics"":true,""liveBetting"":true,""comparePrices"":true}",2025-06-13 03:09:34.286361+00,2025-06-17 22:30:31.925554+00,,true
d188cfaf-9bd1-4b0b-ba4d-74d4cf72a556,Paraguay,PY,PRY,"{""homepage"":true,""surebets"":true,""statistics"":true,""liveBetting"":true,""comparePrices"":true}",2025-06-13 03:09:34.286361+00,2025-06-17 22:30:31.925554+00,,true
d52aa556-9da2-4822-b779-ffe963733c90,Argentina,AR,ARG,"{""homepage"":true,""surebets"":true,""statistics"":true,""liveBetting"":true,""comparePrices"":true}",2025-06-13 03:09:34.286361+00,2025-06-17 22:30:31.925554+00,,true
d595d86b-ec64-4fe8-8d7b-75d941cd9a40,Chile,CL,CHL,"{""homepage"":true,""surebets"":true,""statistics"":true,""liveBetting"":true,""comparePrices"":true}",2025-06-13 03:09:34.286361+00,2025-06-17 22:30:31.925554+00,,true
d698c7a3-58fb-4937-ad43-b1b50c038df5,Belize,BZ,BLZ,"{""homepage"":true,""surebets"":true,""statistics"":true,""liveBetting"":true,""comparePrices"":true}",2025-06-13 03:09:34.286361+00,2025-06-17 22:30:31.925554+00,,true
d729a508-c1d9-4287-b27a-76264d0f4a40,Ivory Coast,CI,CIV,"{""homepage"":true,""surebets"":true,""statistics"":true,""liveBetting"":true,""comparePrices"":true}",2025-07-06 21:42:35.052284+00,2025-07-06 21:42:35.052284+00,,true
d75c12f0-5bb5-4c6d-afbe-39099223d3fe,Cyprus,CY,CYP,"{""homepage"":true,""surebets"":true,""statistics"":true,""liveBetting"":true,""comparePrices"":true}",2025-06-13 03:09:34.286361+00,2025-06-17 22:30:31.925554+00,,true
d86e6e26-5053-48d5-a803-e01af8861054,Greece,GR,GRC,"{""homepage"":true,""surebets"":true,""statistics"":true,""liveBetting"":true,""comparePrices"":true}",2025-06-13 03:09:34.286361+00,2025-06-17 22:30:31.925554+00,,true
d8ecee8e-6d26-4d23-a845-0e401a1000d7,New Zealand,NZ,NZL,"{""homepage"":true,""surebets"":true,""statistics"":true,""liveBetting"":true,""comparePrices"":true}",2025-06-13 03:09:34.286361+00,2025-06-17 22:30:31.925554+00,,true
db7ccea0-d636-4331-8b43-7a388310083a,Moldova,MD,MDA,"{""homepage"":true,""surebets"":true,""statistics"":true,""liveBetting"":true,""comparePrices"":true}",2025-07-06 20:03:18.01508+00,2025-07-06 20:03:18.01508+00,,true
dc2fe63c-9ee9-49ea-94ed-b5db0e827f90,Mali,ML,MLI,"{""homepage"":true,""surebets"":true,""statistics"":true,""liveBetting"":true,""comparePrices"":true}",2025-07-06 20:04:09.943437+00,2025-07-06 20:04:09.943437+00,,true
de6414e3-46e0-4b67-ae88-4efe2a4bdd40,Belgium,BE,BEL,"{""homepage"":true,""surebets"":true,""statistics"":true,""liveBetting"":true,""comparePrices"":true}",2025-06-13 03:09:34.286361+00,2025-06-17 22:30:31.925554+00,,true
dee2a871-1cf8-4b34-ab37-e996efa7dc89,Dominican Republic,DO,DOM,"{""homepage"":true,""surebets"":true,""statistics"":true,""liveBetting"":true,""comparePrices"":true}",2025-06-13 03:09:34.286361+00,2025-06-17 22:30:31.925554+00,,true
dfc2f61b-1581-4f65-9f67-74cf850764d2,Seychelles,SC,SYC,"{""homepage"":true,""surebets"":true,""statistics"":true,""liveBetting"":true,""comparePrices"":true}",2025-07-06 20:01:39.542618+00,2025-07-06 20:01:39.542618+00,,true
e1cdb033-349c-4e70-93bb-beed14985dc0,Algeria,DZ,DZA,"{""homepage"":true,""surebets"":true,""statistics"":true,""liveBetting"":true,""comparePrices"":true}",2025-06-13 03:09:34.286361+00,2025-06-17 22:30:31.925554+00,,true
e389f582-3d1e-43ed-8b82-8d2d46a9bd4b,Europe,-2,--2,"{""homepage"":true,""surebets"":true,""statistics"":true,""liveBetting"":true,""comparePrices"":true}",2025-07-06 20:12:27.716741+00,2025-07-06 20:12:27.716741+00,,true
e44b9253-4343-4023-88b3-236b33064914,Uganda,UG,UGA,"{""homepage"":true,""surebets"":true,""statistics"":true,""liveBetting"":true,""comparePrices"":true}",2025-07-06 21:42:35.052284+00,2025-07-06 21:42:35.052284+00,,true
e45a6bb5-67d0-469d-bb5f-e8daa79a1483,Mozambique,MZ,MOZ,"{""homepage"":true,""surebets"":true,""statistics"":true,""liveBetting"":true,""comparePrices"":true}",2025-07-06 20:02:03.657897+00,2025-07-06 20:02:03.657897+00,,true
e49d010b-f8d4-4ae3-b604-0f43044205bc,Guadeloupe,GP,GLP,"{""homepage"":true,""surebets"":true,""statistics"":true,""liveBetting"":true,""comparePrices"":true}",2025-07-06 19:55:17.729021+00,2025-07-06 19:55:17.729021+00,,true
e4a30e89-e6ab-4ff6-abd7-5a2b666fa037,Lithuania,LT,LTU,"{""homepage"":true,""surebets"":true,""statistics"":true,""liveBetting"":true,""comparePrices"":true}",2025-06-13 03:09:34.286361+00,2025-06-17 22:30:31.925554+00,,true
e4c0b84d-92d0-483f-b606-1133ecac8571,Updated Test Country,7B,7BA,"{""homepage"":true}",2025-08-15 03:57:15.707397+00,2025-08-14 21:57:18.408717+00,2025-08-15 03:57:18.327158+00,true
e4d7f863-a5d4-4d9e-bff3-92e22d0d408b,Liechtenstein,LI,LIE,"{""homepage"":true,""surebets"":true,""statistics"":true,""liveBetting"":true,""comparePrices"":true}",2025-07-06 20:05:24.563079+00,2025-07-06 20:05:24.563079+00,,true
e5044fc4-e234-4751-ab87-fa29fbd722d1,Croatia,HR,HRV,"{""homepage"":true,""surebets"":true,""statistics"":true,""liveBetting"":true,""comparePrices"":true}",2025-06-13 03:09:34.286361+00,2025-06-17 22:30:31.925554+00,,true
e759291f-7a0c-4e56-a4f5-6b9e0284aae6,Prueba234,ST,STR,{},2025-08-02 05:26:58.344307+00,2025-08-02 05:29:17.106593+00,2025-08-02 05:29:17.116877+00,true
e7e7fb98-3266-411e-98ad-5d535dfc65e0,Angola,AO,AGO,"{""homepage"":true,""surebets"":true,""statistics"":true,""liveBetting"":true,""comparePrices"":true}",2025-06-13 03:09:34.286361+00,2025-06-17 22:30:31.925554+00,,true
e8029be7-8090-432a-bd7b-e4a676753778,Libya,LY,LBY,"{""homepage"":true,""surebets"":true,""statistics"":true,""liveBetting"":true,""comparePrices"":true}",2025-07-06 21:42:35.052284+00,2025-07-06 21:42:35.052284+00,,true
e9914f2b-0cf6-4458-a9c3-97fbcc0b3e7b,Zambia,ZM,ZMB,"{""homepage"":true,""surebets"":true,""statistics"":true,""liveBetting"":true,""comparePrices"":true}",2025-07-06 21:42:35.052284+00,2025-07-06 21:42:35.052284+00,,true
eaa06fa8-d8eb-456a-903a-194a87d97183,Venezuela,VE,VEN,"{""homepage"":true,""surebets"":true,""statistics"":true,""liveBetting"":true,""comparePrices"":true}",2025-06-13 03:09:34.286361+00,2025-06-17 22:30:31.925554+00,,true
ee093e91-55d1-46a9-bd04-312a47f361a0,Myanmar,MM,MMR,"{""homepage"":true,""surebets"":true,""statistics"":true,""liveBetting"":true,""comparePrices"":true}",2025-07-06 21:42:35.052284+00,2025-07-06 21:42:35.052284+00,,true
ef0c67f3-da49-465c-91e5-4b0ff296b596,Albania,AL,ALB,"{""homepage"":true,""surebets"":true,""statistics"":true,""liveBetting"":true,""comparePrices"":true}",2025-06-13 03:09:34.286361+00,2025-06-17 22:30:31.925554+00,,true
f3f8344c-d76a-4463-b19c-9ed18cb35516,Mauritania,MR,MRT,"{""homepage"":true,""surebets"":true,""statistics"":true,""liveBetting"":true,""comparePrices"":true}",2025-07-06 20:03:39.410744+00,2025-07-06 20:03:39.410744+00,,true
f46538a8-2944-44c5-999c-f1c6c0d46e81,Benin,BJ,BEN,"{""homepage"":true,""surebets"":true,""statistics"":true,""liveBetting"":true,""comparePrices"":true}",2025-06-13 03:09:34.286361+00,2025-06-17 22:30:31.925554+00,,true
f564a4f2-c4be-40aa-8131-8132187a3501,Bosnia and Herzegovina,BA,BIH,"{""homepage"":true,""surebets"":true,""statistics"":true,""liveBetting"":true,""comparePrices"":true}",2025-06-13 03:09:34.286361+00,2025-06-17 22:30:31.925554+00,,true
f6c1a5f0-9542-4d25-b23c-292aaec6f694,Singapore,SG,SGP,"{""homepage"":true,""surebets"":true,""statistics"":true,""liveBetting"":true,""comparePrices"":true}",2025-06-13 03:09:34.286361+00,2025-06-17 22:30:31.925554+00,,true
f8e17cf3-f1a4-4cf6-8b7c-7092e529e416,Updated Test Country,27,271,"{""homepage"":true}",2025-07-31 10:49:05.774221+00,2025-07-31 04:49:08.243758+00,2025-07-31 10:49:08.347593+00,true
f931ef09-cd9a-4da3-991c-c1e6553d889a,Namibia,NA,NAM,"{""homepage"":true,""surebets"":true,""statistics"":true,""liveBetting"":true,""comparePrices"":true}",2025-07-06 21:42:35.052284+00,2025-07-06 21:42:35.052284+00,,true
fa2bef9b-27d1-4239-9157-0682a7295741,Syria,SY,SYR,"{""homepage"":true,""surebets"":true,""statistics"":true,""liveBetting"":true,""comparePrices"":true}",2025-07-06 21:42:35.052284+00,2025-07-06 21:42:35.052284+00,,true
fa69a935-3d3d-4b29-84dc-f36d59251c23,El Salvador,SV,SLV,"{""homepage"":true,""surebets"":true,""statistics"":true,""liveBetting"":true,""comparePrices"":true}",2025-06-13 03:09:34.286361+00,2025-06-17 22:30:31.925554+00,,true
fbdb72be-d7d5-4ce3-9e01-a44c6c5479cd,Armenia,AM,ARM,"{""homepage"":true,""surebets"":true,""statistics"":true,""liveBetting"":true,""comparePrices"":true}",2025-06-13 03:09:34.286361+00,2025-06-17 22:30:31.925554+00,,true
fcb1d3e6-1fac-4635-8b11-e8fbb930240a,Kosovo,XK,XKX,"{""homepage"":true,""surebets"":true,""statistics"":true,""liveBetting"":true,""comparePrices"":true}",2025-07-06 21:42:35.052284+00,2025-07-06 21:42:35.052284+00,,true
ffba4216-561b-4d9a-be48-466501e3c104,United Arab Emirates,AE,ARE,"{""homepage"":true,""surebets"":true,""statistics"":true,""liveBetting"":true,""comparePrices"":true}",2025-06-13 03:09:34.286361+00,2025-06-17 22:30:31.925554+00,,true